HOSPITAL_NAME,COPD_COUNT,PCT_OF_COPD_CASES_OVER_BEDS,AVG_SCORE,AVG_RISK
BJC,160,8.0,6.175,59.54375
BJC WEST COUNTY,146,14.6,6.191780821917808,62.52054794520548
MISSOURI BAPTIST,135,16.875,6.222222222222222,62.05925925925926
SAINT LOUIS UNIVERSITY,148,14.799999999999999,6.128378378378378,55.445945945945944
ST.MARY'S,136,27.200000000000003,6.139705882352941,61.30882352941177
ST.LUKE'S,141,17.625,6.25531914893617,59.02836879432624
